{"v":"4.8.0","meta":{"g":"LottieFiles AE ","a":"","k":"","d":"","tc":""},"fr":60,"ip":0,"op":161,"w":800,"h":800,"nm":"Searching","ddd":0,"assets":[],"layers":[{"ddd":0,"ind":1,"ty":3,"nm":"NULL CONTROL","sr":1,"ks":{"o":{"a":0,"k":0,"ix":11},"r":{"a":1,"k":[{"i":{"x":[0.667],"y":[1]},"o":{"x":[0.333],"y":[0]},"t":-40,"s":[0]},{"i":{"x":[0.667],"y":[1]},"o":{"x":[0.333],"y":[0]},"t":0,"s":[30.3]},{"i":{"x":[0.667],"y":[1]},"o":{"x":[0.333],"y":[0]},"t":40,"s":[9]},{"i":{"x":[0.667],"y":[1]},"o":{"x":[0.333],"y":[0]},"t":80,"s":[0]},{"i":{"x":[0.667],"y":[1]},"o":{"x":[0.333],"y":[0]},"t":120,"s":[0]},{"i":{"x":[0.667],"y":[1]},"o":{"x":[0.333],"y":[0]},"t":160,"s":[30.3]},{"i":{"x":[0.667],"y":[1]},"o":{"x":[0.333],"y":[0]},"t":200,"s":[9]},{"i":{"x":[0.667],"y":[1]},"o":{"x":[0.333],"y":[0]},"t":240,"s":[0]},{"i":{"x":[0.667],"y":[1]},"o":{"x":[0.333],"y":[0]},"t":280,"s":[0]},{"i":{"x":[0.667],"y":[1]},"o":{"x":[0.333],"y":[0]},"t":320,"s":[30.3]},{"i":{"x":[0.667],"y":[1]},"o":{"x":[0.333],"y":[0]},"t":360,"s":[9]},{"i":{"x":[0.667],"y":[1]},"o":{"x":[0.333],"y":[0]},"t":400,"s":[0]},{"i":{"x":[0.667],"y":[1]},"o":{"x":[0.333],"y":[0]},"t":440,"s":[0]},{"i":{"x":[0.667],"y":[1]},"o":{"x":[0.333],"y":[0]},"t":480,"s":[30.3]},{"i":{"x":[0.667],"y":[1]},"o":{"x":[0.333],"y":[0]},"t":520,"s":[9]},{"t":560,"s":[0]}],"ix":10},"p":{"a":1,"k":[{"i":{"x":0.667,"y":1},"o":{"x":0.333,"y":0},"t":-40,"s":[260.53,496.688,0],"to":[-26.5,-18,0],"ti":[-5.059,13.43,0]},{"i":{"x":0.667,"y":1},"o":{"x":0.333,"y":0},"t":0,"s":[245.53,448.688,0],"to":[11.485,-30.486,0],"ti":[-18.787,-1.6,0]},{"i":{"x":0.667,"y":1},"o":{"x":0.333,"y":0},"t":40,"s":[287.53,402.688,0],"to":[57.913,4.933,0],"ti":[46,6.833,0]},{"i":{"x":0.667,"y":1},"o":{"x":0.333,"y":0},"t":80,"s":[260.53,496.688,0],"to":[-16.123,-2.395,0],"ti":[6.933,4.709,0]},{"i":{"x":0.667,"y":1},"o":{"x":0.333,"y":0},"t":120,"s":[260.53,496.688,0],"to":[-26.5,-18,0],"ti":[-5.059,13.43,0]},{"i":{"x":0.667,"y":1},"o":{"x":0.333,"y":0},"t":160,"s":[245.53,448.688,0],"to":[11.485,-30.486,0],"ti":[-18.787,-1.6,0]},{"i":{"x":0.667,"y":1},"o":{"x":0.333,"y":0},"t":200,"s":[287.53,402.688,0],"to":[57.913,4.933,0],"ti":[46,6.833,0]},{"i":{"x":0.667,"y":1},"o":{"x":0.333,"y":0},"t":240,"s":[260.53,496.688,0],"to":[-16.123,-2.395,0],"ti":[6.933,4.709,0]},{"i":{"x":0.667,"y":1},"o":{"x":0.333,"y":0},"t":280,"s":[260.53,496.688,0],"to":[-26.5,-18,0],"ti":[-5.059,13.43,0]},{"i":{"x":0.667,"y":1},"o":{"x":0.333,"y":0},"t":320,"s":[245.53,448.688,0],"to":[11.485,-30.486,0],"ti":[-18.787,-1.6,0]},{"i":{"x":0.667,"y":1},"o":{"x":0.333,"y":0},"t":360,"s":[287.53,402.688,0],"to":[57.913,4.933,0],"ti":[46,6.833,0]},{"i":{"x":0.667,"y":1},"o":{"x":0.333,"y":0},"t":400,"s":[260.53,496.688,0],"to":[-16.123,-2.395,0],"ti":[6.933,4.709,0]},{"i":{"x":0.667,"y":1},"o":{"x":0.333,"y":0},"t":440,"s":[260.53,496.688,0],"to":[-26.5,-18,0],"ti":[-5.059,13.43,0]},{"i":{"x":0.667,"y":1},"o":{"x":0.333,"y":0},"t":480,"s":[245.53,448.688,0],"to":[11.485,-30.486,0],"ti":[-18.787,-1.6,0]},{"i":{"x":0.667,"y":1},"o":{"x":0.333,"y":0},"t":520,"s":[287.53,402.688,0],"to":[57.913,4.933,0],"ti":[46,6.833,0]},{"t":560,"s":[260.53,496.688,0]}],"ix":2},"a":{"a":0,"k":[60,60,0],"ix":1},"s":{"a":0,"k":[100,100,100],"ix":6}},"ao":0,"ip":0,"op":161,"st":-52,"bm":0},{"ddd":0,"ind":2,"ty":4,"nm":"Magnifying glass","parent":1,"sr":1,"ks":{"o":{"a":0,"k":100,"ix":11},"r":{"a":0,"k":0,"ix":10},"p":{"a":1,"k":[{"i":{"x":0.29,"y":1},"o":{"x":0.167,"y":0.167},"t":-40,"s":[1141,60,0],"to":[-180.167,0,0],"ti":[180.167,0,0]},{"t":0,"s":[60,60,0]}],"ix":2},"a":{"a":0,"k":[104.525,109.733,0],"ix":1},"s":{"a":0,"k":[100,100,100],"ix":6}},"ao":0,"shapes":[{"ty":"gr","it":[{"ind":0,"ty":"sh","ix":1,"ks":{"a":0,"k":{"i":[[0,0],[0,0],[0,0],[0,0]],"o":[[0,0],[0,0],[0,0],[0,0]],"v":[[14.095,7.764],[-9.035,-13.316],[-14.095,-7.765],[9.034,13.316]],"c":true},"ix":2},"nm":"Path 1","mn":"ADBE Vector Shape - Group","hd":false},{"ty":"fl","c":{"a":0,"k":[0.862999949736,0.365000017952,0.404000016755,1],"ix":4},"o":{"a":0,"k":100,"ix":5},"r":1,"bm":0,"nm":"Fill 1","mn":"ADBE Vector Graphic - Fill","hd":false},{"ty":"tr","p":{"a":0,"k":[14.344,205.901],"ix":2},"a":{"a":0,"k":[0,0],"ix":1},"s":{"a":0,"k":[100,100],"ix":3},"r":{"a":0,"k":0,"ix":6},"o":{"a":0,"k":100,"ix":7},"sk":{"a":0,"k":0,"ix":4},"sa":{"a":0,"k":0,"ix":5},"nm":"Transform"}],"nm":"Group 1","np":4,"cix":2,"bm":0,"ix":1,"mn":"ADBE Vector Group","hd":false},{"ty":"gr","it":[{"ind":0,"ty":"sh","ix":1,"ks":{"a":0,"k":{"i":[[0,0],[0,0],[0,0],[0,0]],"o":[[0,0],[0,0],[0,0],[0,0]],"v":[[-28.768,54.795],[-51.898,33.715],[28.768,-54.795],[51.898,-33.715]],"c":true},"ix":2},"nm":"Path 1","mn":"ADBE Vector Shape - Group","hd":false},{"ty":"fl","c":{"a":0,"k":[0.165000002992,0.19199999641,0.340999977261,1],"ix":4},"o":{"a":0,"k":100,"ix":5},"r":1,"bm":0,"nm":"Fill 1","mn":"ADBE Vector Graphic - Fill","hd":false},{"ty":"tr","p":{"a":0,"k":[57.207,158.87],"ix":2},"a":{"a":0,"k":[0,0],"ix":1},"s":{"a":0,"k":[100,100],"ix":3},"r":{"a":0,"k":0,"ix":6},"o":{"a":0,"k":100,"ix":7},"sk":{"a":0,"k":0,"ix":4},"sa":{"a":0,"k":0,"ix":5},"nm":"Transform"}],"nm":"Group 2","np":4,"cix":2,"bm":0,"ix":2,"mn":"ADBE Vector Group","hd":false},{"ty":"gr","it":[{"ind":0,"ty":"sh","ix":1,"ks":{"a":0,"k":{"i":[[19.531,17.8],[-17.8,19.53],[-19.53,-17.799],[17.8,-19.531]],"o":[[-19.53,-17.799],[17.8,-19.531],[19.531,17.8],[-17.8,19.53]],"v":[[-32.229,35.363],[-35.363,-32.229],[32.228,-35.364],[35.363,32.229]],"c":true},"ix":2},"nm":"Path 1","mn":"ADBE Vector Shape - Group","hd":false},{"ind":1,"ty":"sh","ix":2,"ks":{"a":0,"k":{"i":[[24.072,21.939],[21.938,-24.073],[-24.073,-21.939],[-21.938,24.073]],"o":[[-24.073,-21.94],[-21.94,24.072],[24.072,21.939],[21.94,-24.072]],"v":[[39.725,-43.586],[-43.586,-39.724],[-39.723,43.588],[43.586,39.724]],"c":true},"ix":2},"nm":"Path 2","mn":"ADBE Vector Shape - Group","hd":false},{"ty":"mm","mm":1,"nm":"Merge Paths 1","mn":"ADBE Vector Filter - Merge","hd":false},{"ty":"fl","c":{"a":0,"k":[0.165000002992,0.19199999641,0.340999977261,1],"ix":4},"o":{"a":0,"k":100,"ix":5},"r":1,"bm":0,"nm":"Fill 1","mn":"ADBE Vector Graphic - Fill","hd":false},{"ty":"tr","p":{"a":0,"k":[143.273,65.777],"ix":2},"a":{"a":0,"k":[0,0],"ix":1},"s":{"a":0,"k":[100,100],"ix":3},"r":{"a":0,"k":0,"ix":6},"o":{"a":0,"k":100,"ix":7},"sk":{"a":0,"k":0,"ix":4},"sa":{"a":0,"k":0,"ix":5},"nm":"Transform"}],"nm":"Group 3","np":6,"cix":2,"bm":0,"ix":3,"mn":"ADBE Vector Group","hd":false},{"ty":"gr","it":[{"ind":0,"ty":"sh","ix":1,"ks":{"a":0,"k":{"i":[[17.8,-19.53],[19.531,17.8],[-17.799,19.53],[-19.53,-17.8]],"o":[[-17.8,19.531],[-19.53,-17.799],[17.8,-19.531],[19.531,17.8]],"v":[[35.367,32.229],[-32.226,35.363],[-35.36,-32.229],[32.232,-35.363]],"c":true},"ix":2},"nm":"Path 1","mn":"ADBE Vector Shape - Group","hd":false},{"ty":"fl","c":{"a":0,"k":[1,1,1,1],"ix":4},"o":{"a":0,"k":70,"ix":5},"r":1,"bm":0,"nm":"Fill 1","mn":"ADBE Vector Graphic - Fill","hd":false},{"ty":"tr","p":{"a":0,"k":[143.27,65.777],"ix":2},"a":{"a":0,"k":[0,0],"ix":1},"s":{"a":0,"k":[100,100],"ix":3},"r":{"a":0,"k":0,"ix":6},"o":{"a":0,"k":100,"ix":7},"sk":{"a":0,"k":0,"ix":4},"sa":{"a":0,"k":0,"ix":5},"nm":"Transform"}],"nm":"Group 4","np":4,"cix":2,"bm":0,"ix":4,"mn":"ADBE Vector Group","hd":false},{"ty":"gr","it":[{"ind":0,"ty":"sh","ix":1,"ks":{"a":0,"k":{"i":[[0,0],[0,0],[0,0],[0,0]],"o":[[0,0],[0,0],[0,0],[0,0]],"v":[[-1.194,12.46],[-12.297,2.342],[1.195,-12.46],[12.297,-2.342]],"c":true},"ix":2},"nm":"Path 1","mn":"ADBE Vector Shape - Group","hd":false},{"ty":"fl","c":{"a":0,"k":[0.862999949736,0.365000017952,0.404000016755,1],"ix":4},"o":{"a":0,"k":100,"ix":5},"r":1,"bm":0,"nm":"Fill 1","mn":"ADBE Vector Graphic - Fill","hd":false},{"ty":"tr","p":{"a":0,"k":[99.299,111.137],"ix":2},"a":{"a":0,"k":[0,0],"ix":1},"s":{"a":0,"k":[100,100],"ix":3},"r":{"a":0,"k":0,"ix":6},"o":{"a":0,"k":100,"ix":7},"sk":{"a":0,"k":0,"ix":4},"sa":{"a":0,"k":0,"ix":5},"nm":"Transform"}],"nm":"Group 5","np":2,"cix":2,"bm":0,"ix":5,"mn":"ADBE Vector Group","hd":false}],"ip":0,"op":161,"st":-40,"bm":0},{"ddd":0,"ind":3,"ty":4,"nm":"Lines1 Outlines","sr":1,"ks":{"o":{"a":0,"k":100,"ix":11},"r":{"a":0,"k":0,"ix":10},"p":{"a":0,"k":[436.052,483.629,0],"ix":2},"a":{"a":0,"k":[190.595,205.799,0],"ix":1},"s":{"a":0,"k":[100,100,100],"ix":6}},"ao":0,"shapes":[{"ty":"gr","it":[{"ind":0,"ty":"sh","ix":1,"ks":{"a":0,"k":{"i":[[0,0],[0,0]],"o":[[0,0],[0,0]],"v":[[112.687,94.184],[199.944,94.184]],"c":false},"ix":2},"nm":"Path 1","mn":"ADBE Vector Shape - Group","hd":false},{"ty":"st","c":{"a":0,"k":[1,1,1,1],"ix":3},"o":{"a":0,"k":100,"ix":4},"w":{"a":0,"k":4.215,"ix":5},"lc":2,"lj":2,"bm":0,"nm":"Stroke 1","mn":"ADBE Vector Graphic - Stroke","hd":false},{"ty":"tr","p":{"a":0,"k":[0,0],"ix":2},"a":{"a":0,"k":[0,0],"ix":1},"s":{"a":0,"k":[100,100],"ix":3},"r":{"a":0,"k":0,"ix":6},"o":{"a":0,"k":100,"ix":7},"sk":{"a":0,"k":0,"ix":4},"sa":{"a":0,"k":0,"ix":5},"nm":"Transform"}],"nm":"Group 8","np":2,"cix":2,"bm":0,"ix":1,"mn":"ADBE Vector Group","hd":false},{"ty":"gr","it":[{"ind":0,"ty":"sh","ix":1,"ks":{"a":0,"k":{"i":[[0,0],[0,0]],"o":[[0,0],[0,0]],"v":[[46.466,94.184],[89.315,94.184]],"c":false},"ix":2},"nm":"Path 1","mn":"ADBE Vector Shape - Group","hd":false},{"ty":"st","c":{"a":0,"k":[1,1,1,1],"ix":3},"o":{"a":0,"k":100,"ix":4},"w":{"a":0,"k":4.215,"ix":5},"lc":2,"lj":2,"bm":0,"nm":"Stroke 1","mn":"ADBE Vector Graphic - Stroke","hd":false},{"ty":"tr","p":{"a":0,"k":[0,0],"ix":2},"a":{"a":0,"k":[0,0],"ix":1},"s":{"a":0,"k":[100,100],"ix":3},"r":{"a":0,"k":0,"ix":6},"o":{"a":0,"k":100,"ix":7},"sk":{"a":0,"k":0,"ix":4},"sa":{"a":0,"k":0,"ix":5},"nm":"Transform"}],"nm":"Group 9","np":2,"cix":2,"bm":0,"ix":2,"mn":"ADBE Vector Group","hd":false},{"ty":"gr","it":[{"ind":0,"ty":"sh","ix":1,"ks":{"a":0,"k":{"i":[[0,0],[0,0]],"o":[[0,0],[0,0]],"v":[[46.466,123.789],[171.897,123.789]],"c":false},"ix":2},"nm":"Path 1","mn":"ADBE Vector Shape - Group","hd":false},{"ty":"st","c":{"a":0,"k":[1,1,1,1],"ix":3},"o":{"a":0,"k":100,"ix":4},"w":{"a":0,"k":4.215,"ix":5},"lc":2,"lj":2,"bm":0,"nm":"Stroke 1","mn":"ADBE Vector Graphic - Stroke","hd":false},{"ty":"tr","p":{"a":0,"k":[0,0],"ix":2},"a":{"a":0,"k":[0,0],"ix":1},"s":{"a":0,"k":[100,100],"ix":3},"r":{"a":0,"k":0,"ix":6},"o":{"a":0,"k":100,"ix":7},"sk":{"a":0,"k":0,"ix":4},"sa":{"a":0,"k":0,"ix":5},"nm":"Transform"}],"nm":"Group 10","np":2,"cix":2,"bm":0,"ix":3,"mn":"ADBE Vector Group","hd":false},{"ty":"gr","it":[{"ind":0,"ty":"sh","ix":1,"ks":{"a":0,"k":{"i":[[0,0],[0,0]],"o":[[0,0],[0,0]],"v":[[46.466,66.916],[144.629,66.916]],"c":false},"ix":2},"nm":"Path 1","mn":"ADBE Vector Shape - Group","hd":false},{"ty":"st","c":{"a":0,"k":[1,1,1,1],"ix":3},"o":{"a":0,"k":100,"ix":4},"w":{"a":0,"k":4.215,"ix":5},"lc":2,"lj":2,"bm":0,"nm":"Stroke 1","mn":"ADBE Vector Graphic - Stroke","hd":false},{"ty":"tr","p":{"a":0,"k":[0,0],"ix":2},"a":{"a":0,"k":[0,0],"ix":1},"s":{"a":0,"k":[100,100],"ix":3},"r":{"a":0,"k":0,"ix":6},"o":{"a":0,"k":100,"ix":7},"sk":{"a":0,"k":0,"ix":4},"sa":{"a":0,"k":0,"ix":5},"nm":"Transform"}],"nm":"Group 11","np":2,"cix":2,"bm":0,"ix":4,"mn":"ADBE Vector Group","hd":false}],"ip":0,"op":161,"st":-32,"bm":0},{"ddd":0,"ind":4,"ty":4,"nm":"Stars Outlines","sr":1,"ks":{"o":{"a":0,"k":100,"ix":11},"r":{"a":0,"k":0,"ix":10},"p":{"a":0,"k":[373.94,450.796,0],"ix":2},"a":{"a":0,"k":[67.264,9.856,0],"ix":1},"s":{"a":0,"k":[100,100,100],"ix":6}},"ao":0,"shapes":[{"ty":"gr","it":[{"ind":0,"ty":"sh","ix":1,"ks":{"a":0,"k":{"i":[[0.191,-0.1],[0,0],[-0.091,0.536],[0,0],[0.154,0.15],[0,0],[-0.537,0.078],[0,0],[-0.096,0.194],[0,0],[-0.242,-0.487],[0,0],[-0.213,-0.031],[0,0],[0.388,-0.379],[0,0],[-0.036,-0.213],[0,0],[0.48,0.252],[0,0]],"o":[[0,0],[-0.481,0.252],[0,0],[0.037,-0.213],[0,0],[-0.389,-0.379],[0,0],[0.214,-0.031],[0,0],[0.241,-0.487],[0,0],[0.095,0.194],[0,0],[0.537,0.078],[0,0],[-0.155,0.15],[0,0],[0.092,0.536],[0,0],[-0.191,-0.1]],"v":[[-0.305,6.667],[-5.414,9.354],[-6.366,8.663],[-5.39,2.974],[-5.578,2.393],[-9.712,-1.636],[-9.349,-2.755],[-3.636,-3.584],[-3.142,-3.943],[-0.588,-9.12],[0.589,-9.12],[3.143,-3.943],[3.636,-3.584],[9.349,-2.755],[9.713,-1.636],[5.579,2.393],[5.39,2.974],[6.366,8.663],[5.415,9.354],[0.305,6.667]],"c":true},"ix":2},"nm":"Path 1","mn":"ADBE Vector Shape - Group","hd":false},{"ty":"fl","c":{"a":0,"k":[0.760999971278,0.830999995213,0.851000019148,1],"ix":4},"o":{"a":0,"k":100,"ix":5},"r":1,"bm":0,"nm":"Fill 1","mn":"ADBE Vector Graphic - Fill","hd":false},{"ty":"tr","p":{"a":0,"k":[124.176,9.856],"ix":2},"a":{"a":0,"k":[0,0],"ix":1},"s":{"a":0,"k":[100,100],"ix":3},"r":{"a":0,"k":0,"ix":6},"o":{"a":0,"k":100,"ix":7},"sk":{"a":0,"k":0,"ix":4},"sa":{"a":0,"k":0,"ix":5},"nm":"Transform"}],"nm":"Group 1","np":4,"cix":2,"bm":0,"ix":1,"mn":"ADBE Vector Group","hd":false},{"ty":"gr","it":[{"ind":0,"ty":"sh","ix":1,"ks":{"a":0,"k":{"i":[[0.19,-0.1],[0,0],[-0.091,0.536],[0,0],[0.154,0.15],[0,0],[-0.538,0.078],[0,0],[-0.096,0.194],[0,0],[-0.241,-0.487],[0,0],[-0.213,-0.031],[0,0],[0.389,-0.379],[0,0],[-0.036,-0.213],[0,0],[0.48,0.252],[0,0]],"o":[[0,0],[-0.482,0.252],[0,0],[0.036,-0.213],[0,0],[-0.39,-0.379],[0,0],[0.213,-0.031],[0,0],[0.24,-0.487],[0,0],[0.096,0.194],[0,0],[0.538,0.078],[0,0],[-0.154,0.15],[0,0],[0.093,0.536],[0,0],[-0.19,-0.1]],"v":[[-0.304,6.667],[-5.413,9.354],[-6.366,8.663],[-5.389,2.974],[-5.577,2.393],[-9.711,-1.636],[-9.348,-2.755],[-3.635,-3.584],[-3.142,-3.943],[-0.587,-9.12],[0.589,-9.12],[3.143,-3.943],[3.637,-3.584],[9.349,-2.755],[9.713,-1.636],[5.579,2.393],[5.39,2.974],[6.366,8.663],[5.416,9.354],[0.305,6.667]],"c":true},"ix":2},"nm":"Path 1","mn":"ADBE Vector Shape - Group","hd":false},{"ty":"fl","c":{"a":0,"k":[1,0.722000002394,0.224000010771,1],"ix":4},"o":{"a":0,"k":100,"ix":5},"r":1,"bm":0,"nm":"Fill 1","mn":"ADBE Vector Graphic - Fill","hd":false},{"ty":"tr","p":{"a":0,"k":[67.264,9.856],"ix":2},"a":{"a":0,"k":[0,0],"ix":1},"s":{"a":0,"k":[100,100],"ix":3},"r":{"a":0,"k":0,"ix":6},"o":{"a":0,"k":100,"ix":7},"sk":{"a":0,"k":0,"ix":4},"sa":{"a":0,"k":0,"ix":5},"nm":"Transform"}],"nm":"Group 2","np":4,"cix":2,"bm":0,"ix":2,"mn":"ADBE Vector Group","hd":false},{"ty":"gr","it":[{"ind":0,"ty":"sh","ix":1,"ks":{"a":0,"k":{"i":[[0.19,-0.1],[0,0],[-0.091,0.536],[0,0],[0.154,0.15],[0,0],[-0.538,0.078],[0,0],[-0.095,0.194],[0,0],[-0.241,-0.487],[0,0],[-0.213,-0.031],[0,0],[0.388,-0.379],[0,0],[-0.037,-0.213],[0,0],[0.48,0.252],[0,0]],"o":[[0,0],[-0.482,0.252],[0,0],[0.036,-0.213],[0,0],[-0.389,-0.379],[0,0],[0.214,-0.031],[0,0],[0.241,-0.487],[0,0],[0.096,0.194],[0,0],[0.537,0.078],[0,0],[-0.155,0.15],[0,0],[0.092,0.536],[0,0],[-0.191,-0.1]],"v":[[-0.305,6.667],[-5.414,9.354],[-6.366,8.663],[-5.39,2.974],[-5.578,2.393],[-9.712,-1.636],[-9.349,-2.755],[-3.637,-3.584],[-3.143,-3.943],[-0.588,-9.12],[0.588,-9.12],[3.142,-3.943],[3.636,-3.584],[9.349,-2.755],[9.713,-1.636],[5.579,2.393],[5.39,2.974],[6.366,8.663],[5.415,9.354],[0.305,6.667]],"c":true},"ix":2},"nm":"Path 1","mn":"ADBE Vector Shape - Group","hd":false},{"ty":"fl","c":{"a":0,"k":[1,0.722000002394,0.224000010771,1],"ix":4},"o":{"a":0,"k":100,"ix":5},"r":1,"bm":0,"nm":"Fill 1","mn":"ADBE Vector Graphic - Fill","hd":false},{"ty":"tr","p":{"a":0,"k":[95.72,9.856],"ix":2},"a":{"a":0,"k":[0,0],"ix":1},"s":{"a":0,"k":[100,100],"ix":3},"r":{"a":0,"k":0,"ix":6},"o":{"a":0,"k":100,"ix":7},"sk":{"a":0,"k":0,"ix":4},"sa":{"a":0,"k":0,"ix":5},"nm":"Transform"}],"nm":"Group 3","np":4,"cix":2,"bm":0,"ix":3,"mn":"ADBE Vector Group","hd":false},{"ty":"gr","it":[{"ind":0,"ty":"sh","ix":1,"ks":{"a":0,"k":{"i":[[0.191,-0.1],[0,0],[-0.091,0.536],[0,0],[0.154,0.15],[0,0],[-0.537,0.078],[0,0],[-0.096,0.194],[0,0],[-0.242,-0.487],[0,0],[-0.212,-0.031],[0,0],[0.389,-0.379],[0,0],[-0.037,-0.213],[0,0],[0.481,0.252],[0,0]],"o":[[0,0],[-0.481,0.252],[0,0],[0.036,-0.213],[0,0],[-0.389,-0.379],[0,0],[0.213,-0.031],[0,0],[0.24,-0.487],[0,0],[0.096,0.194],[0,0],[0.538,0.078],[0,0],[-0.155,0.15],[0,0],[0.093,0.536],[0,0],[-0.191,-0.1]],"v":[[-0.305,6.667],[-5.414,9.354],[-6.367,8.663],[-5.39,2.974],[-5.579,2.393],[-9.713,-1.636],[-9.35,-2.755],[-3.636,-3.584],[-3.143,-3.943],[-0.588,-9.12],[0.588,-9.12],[3.143,-3.943],[3.635,-3.584],[9.348,-2.755],[9.712,-1.636],[5.578,2.393],[5.389,2.974],[6.365,8.663],[5.414,9.354],[0.305,6.667]],"c":true},"ix":2},"nm":"Path 1","mn":"ADBE Vector Shape - Group","hd":false},{"ty":"fl","c":{"a":0,"k":[1,0.722000002394,0.224000010771,1],"ix":4},"o":{"a":0,"k":100,"ix":5},"r":1,"bm":0,"nm":"Fill 1","mn":"ADBE Vector Graphic - Fill","hd":false},{"ty":"tr","p":{"a":0,"k":[38.808,9.856],"ix":2},"a":{"a":0,"k":[0,0],"ix":1},"s":{"a":0,"k":[100,100],"ix":3},"r":{"a":0,"k":0,"ix":6},"o":{"a":0,"k":100,"ix":7},"sk":{"a":0,"k":0,"ix":4},"sa":{"a":0,"k":0,"ix":5},"nm":"Transform"}],"nm":"Group 4","np":4,"cix":2,"bm":0,"ix":4,"mn":"ADBE Vector Group","hd":false},{"ty":"gr","it":[{"ind":0,"ty":"sh","ix":1,"ks":{"a":0,"k":{"i":[[0.191,-0.1],[0,0],[-0.091,0.536],[0,0],[0.155,0.15],[0,0],[-0.537,0.078],[0,0],[-0.095,0.194],[0,0],[-0.242,-0.487],[0,0],[-0.213,-0.031],[0,0],[0.388,-0.379],[0,0],[-0.037,-0.213],[0,0],[0.481,0.252],[0,0]],"o":[[0,0],[-0.481,0.252],[0,0],[0.036,-0.213],[0,0],[-0.389,-0.379],[0,0],[0.214,-0.031],[0,0],[0.24,-0.487],[0,0],[0.096,0.194],[0,0],[0.537,0.078],[0,0],[-0.155,0.15],[0,0],[0.092,0.536],[0,0],[-0.191,-0.1]],"v":[[-0.305,6.667],[-5.414,9.354],[-6.366,8.663],[-5.39,2.974],[-5.578,2.393],[-9.712,-1.636],[-9.349,-2.755],[-3.636,-3.584],[-3.143,-3.943],[-0.587,-9.12],[0.589,-9.12],[3.143,-3.943],[3.636,-3.584],[9.349,-2.755],[9.713,-1.636],[5.579,2.393],[5.39,2.974],[6.366,8.663],[5.415,9.354],[0.305,6.667]],"c":true},"ix":2},"nm":"Path 1","mn":"ADBE Vector Shape - Group","hd":false},{"ty":"fl","c":{"a":0,"k":[1,0.722000002394,0.224000010771,1],"ix":4},"o":{"a":0,"k":100,"ix":5},"r":1,"bm":0,"nm":"Fill 1","mn":"ADBE Vector Graphic - Fill","hd":false},{"ty":"tr","p":{"a":0,"k":[10.351,9.856],"ix":2},"a":{"a":0,"k":[0,0],"ix":1},"s":{"a":0,"k":[100,100],"ix":3},"r":{"a":0,"k":0,"ix":6},"o":{"a":0,"k":100,"ix":7},"sk":{"a":0,"k":0,"ix":4},"sa":{"a":0,"k":0,"ix":5},"nm":"Transform"}],"nm":"Group 5","np":4,"cix":2,"bm":0,"ix":5,"mn":"ADBE Vector Group","hd":false}],"ip":0,"op":161,"st":-28,"bm":0},{"ddd":0,"ind":5,"ty":4,"nm":"Rating bg Outlines","sr":1,"ks":{"o":{"a":0,"k":100,"ix":11},"r":{"a":0,"k":0,"ix":10},"p":{"a":0,"k":[367.493,451.869,0],"ix":2},"a":{"a":0,"k":[89.065,21.674,0],"ix":1},"s":{"a":0,"k":[100,100,100],"ix":6}},"ao":0,"shapes":[{"ty":"gr","it":[{"ind":0,"ty":"sh","ix":1,"ks":{"a":0,"k":{"i":[[11.833,0],[0,0],[0,11.833],[-11.832,0],[0,0],[0,-11.832]],"o":[[0,0],[-11.832,0],[0,-11.832],[0,0],[11.833,0],[0,11.833]],"v":[[67.39,21.424],[-67.39,21.424],[-88.815,0],[-67.39,-21.424],[67.39,-21.424],[88.815,0]],"c":true},"ix":2},"nm":"Path 1","mn":"ADBE Vector Shape - Group","hd":false},{"ty":"fl","c":{"a":0,"k":[1,1,1,1],"ix":4},"o":{"a":0,"k":100,"ix":5},"r":1,"bm":0,"nm":"Fill 1","mn":"ADBE Vector Graphic - Fill","hd":false},{"ty":"tr","p":{"a":0,"k":[89.065,21.674],"ix":2},"a":{"a":0,"k":[0,0],"ix":1},"s":{"a":0,"k":[100,100],"ix":3},"r":{"a":0,"k":0,"ix":6},"o":{"a":0,"k":100,"ix":7},"sk":{"a":0,"k":0,"ix":4},"sa":{"a":0,"k":0,"ix":5},"nm":"Transform"}],"nm":"Group 1","np":4,"cix":2,"bm":0,"ix":1,"mn":"ADBE Vector Group","hd":false}],"ip":0,"op":161,"st":-32,"bm":0},{"ddd":0,"ind":6,"ty":4,"nm":"User Torso mask","td":1,"sr":1,"ks":{"o":{"a":0,"k":100,"ix":11},"r":{"a":0,"k":0,"ix":10},"p":{"a":0,"k":[536.65,386.95,0],"ix":2},"a":{"a":0,"k":[498.5,-139.5,0],"ix":1},"s":{"a":0,"k":[92,92,100],"ix":6}},"ao":0,"shapes":[{"ty":"gr","it":[{"d":1,"ty":"el","s":{"a":0,"k":[131,131],"ix":2},"p":{"a":0,"k":[0,0],"ix":3},"nm":"Ellipse Path 1","mn":"ADBE Vector Shape - Ellipse","hd":false},{"ty":"st","c":{"a":0,"k":[0.231372997808,0.356862984452,0.60784295774,1],"ix":3},"o":{"a":0,"k":100,"ix":4},"w":{"a":0,"k":0,"ix":5},"lc":1,"lj":1,"ml":4,"bm":0,"nm":"Stroke 1","mn":"ADBE Vector Graphic - Stroke","hd":false},{"ty":"fl","c":{"a":0,"k":[1,1,1,1],"ix":4},"o":{"a":0,"k":100,"ix":5},"r":1,"bm":0,"nm":"Fill 1","mn":"ADBE Vector Graphic - Fill","hd":false},{"ty":"tr","p":{"a":0,"k":[498.5,-139.5],"ix":2},"a":{"a":0,"k":[0,0],"ix":1},"s":{"a":0,"k":[100,100],"ix":3},"r":{"a":0,"k":0,"ix":6},"o":{"a":0,"k":100,"ix":7},"sk":{"a":0,"k":0,"ix":4},"sa":{"a":0,"k":0,"ix":5},"nm":"Transform"}],"nm":"Ellipse 1","np":3,"cix":2,"bm":0,"ix":1,"mn":"ADBE Vector Group","hd":false}],"ip":0,"op":161,"st":-40,"bm":0},{"ddd":0,"ind":7,"ty":4,"nm":"User Torso 1","tt":1,"sr":1,"ks":{"o":{"a":0,"k":100,"ix":11},"r":{"a":0,"k":0,"ix":10},"p":{"a":0,"k":[38,604,0],"ix":2},"a":{"a":0,"k":[0,0,0],"ix":1},"s":{"a":0,"k":[100,100,100],"ix":6}},"ao":0,"shapes":[{"ty":"gr","it":[{"d":1,"ty":"el","s":{"a":0,"k":[131,131],"ix":2},"p":{"a":0,"k":[0,0],"ix":3},"nm":"Ellipse Path 1","mn":"ADBE Vector Shape - Ellipse","hd":false},{"ty":"st","c":{"a":0,"k":[0.231372997808,0.356862984452,0.60784295774,1],"ix":3},"o":{"a":0,"k":100,"ix":4},"w":{"a":0,"k":0,"ix":5},"lc":1,"lj":1,"ml":4,"bm":0,"nm":"Stroke 1","mn":"ADBE Vector Graphic - Stroke","hd":false},{"ty":"fl","c":{"a":0,"k":[1,1,1,1],"ix":4},"o":{"a":0,"k":100,"ix":5},"r":1,"bm":0,"nm":"Fill 1","mn":"ADBE Vector Graphic - Fill","hd":false},{"ty":"tr","p":{"a":0,"k":[498.5,-139.5],"ix":2},"a":{"a":0,"k":[0,0],"ix":1},"s":{"a":0,"k":[100,100],"ix":3},"r":{"a":0,"k":0,"ix":6},"o":{"a":0,"k":100,"ix":7},"sk":{"a":0,"k":0,"ix":4},"sa":{"a":0,"k":0,"ix":5},"nm":"Transform"}],"nm":"Ellipse 1","np":3,"cix":2,"bm":0,"ix":1,"mn":"ADBE Vector Group","hd":false}],"ip":0,"op":161,"st":-40,"bm":0},{"ddd":0,"ind":8,"ty":4,"nm":"User Head","sr":1,"ks":{"o":{"a":0,"k":100,"ix":11},"r":{"a":0,"k":0,"ix":10},"p":{"a":0,"k":[534.5,366.5,0],"ix":2},"a":{"a":0,"k":[496.5,-156,0],"ix":1},"s":{"a":0,"k":[100,100,100],"ix":6}},"ao":0,"shapes":[{"ty":"gr","it":[{"d":1,"ty":"el","s":{"a":0,"k":[47,47],"ix":2},"p":{"a":0,"k":[0,0],"ix":3},"nm":"Ellipse Path 1","mn":"ADBE Vector Shape - Ellipse","hd":false},{"ty":"st","c":{"a":0,"k":[0.231372997808,0.356862984452,0.60784295774,1],"ix":3},"o":{"a":0,"k":100,"ix":4},"w":{"a":0,"k":0,"ix":5},"lc":1,"lj":1,"ml":4,"bm":0,"nm":"Stroke 1","mn":"ADBE Vector Graphic - Stroke","hd":false},{"ty":"fl","c":{"a":0,"k":[1,1,1,1],"ix":4},"o":{"a":0,"k":100,"ix":5},"r":1,"bm":0,"nm":"Fill 1","mn":"ADBE Vector Graphic - Fill","hd":false},{"ty":"tr","p":{"a":0,"k":[498,-155],"ix":2},"a":{"a":0,"k":[0,0],"ix":1},"s":{"a":0,"k":[100,100],"ix":3},"r":{"a":0,"k":0,"ix":6},"o":{"a":0,"k":100,"ix":7},"sk":{"a":0,"k":0,"ix":4},"sa":{"a":0,"k":0,"ix":5},"nm":"Transform"}],"nm":"Ellipse 1","np":3,"cix":2,"bm":0,"ix":1,"mn":"ADBE Vector Group","hd":false}],"ip":0,"op":161,"st":-40,"bm":0},{"ddd":0,"ind":9,"ty":4,"nm":"User circle","sr":1,"ks":{"o":{"a":0,"k":100,"ix":11},"r":{"a":0,"k":0,"ix":10},"p":{"a":0,"k":[38,526,0],"ix":2},"a":{"a":0,"k":[0,0,0],"ix":1},"s":{"a":0,"k":[100,100,100],"ix":6}},"ao":0,"shapes":[{"ty":"gr","it":[{"d":1,"ty":"el","s":{"a":0,"k":[131,131],"ix":2},"p":{"a":0,"k":[0,0],"ix":3},"nm":"Ellipse Path 1","mn":"ADBE Vector Shape - Ellipse","hd":false},{"ty":"st","c":{"a":0,"k":[0.231372997808,0.356862984452,0.60784295774,1],"ix":3},"o":{"a":0,"k":100,"ix":4},"w":{"a":0,"k":0,"ix":5},"lc":1,"lj":1,"ml":4,"bm":0,"nm":"Stroke 1","mn":"ADBE Vector Graphic - Stroke","hd":false},{"ty":"fl","c":{"a":0,"k":[0.862745157878,0.364705882353,0.403921598547,1],"ix":4},"o":{"a":0,"k":100,"ix":5},"r":1,"bm":0,"nm":"Fill 1","mn":"ADBE Vector Graphic - Fill","hd":false},{"ty":"tr","p":{"a":0,"k":[498.5,-139.5],"ix":2},"a":{"a":0,"k":[0,0],"ix":1},"s":{"a":0,"k":[100,100],"ix":3},"r":{"a":0,"k":0,"ix":6},"o":{"a":0,"k":100,"ix":7},"sk":{"a":0,"k":0,"ix":4},"sa":{"a":0,"k":0,"ix":5},"nm":"Transform"}],"nm":"Ellipse 1","np":3,"cix":2,"bm":0,"ix":1,"mn":"ADBE Vector Group","hd":false}],"ip":0,"op":161,"st":-40,"bm":0},{"ddd":0,"ind":10,"ty":4,"nm":"File outline","sr":1,"ks":{"o":{"a":0,"k":100,"ix":11},"r":{"a":0,"k":0,"ix":10},"p":{"a":0,"k":[38,524,0],"ix":2},"a":{"a":0,"k":[0,0,0],"ix":1},"s":{"a":0,"k":[100,100,100],"ix":6}},"ao":0,"shapes":[{"ty":"gr","it":[{"ty":"rc","d":1,"s":{"a":0,"k":[382,190],"ix":2},"p":{"a":0,"k":[0,0],"ix":3},"r":{"a":0,"k":20,"ix":4},"nm":"Rectangle Path 1","mn":"ADBE Vector Shape - Rect","hd":false},{"ty":"st","c":{"a":0,"k":[0.231372997808,0.356862984452,0.60784295774,1],"ix":3},"o":{"a":0,"k":100,"ix":4},"w":{"a":0,"k":0,"ix":5},"lc":1,"lj":1,"ml":4,"bm":0,"nm":"Stroke 1","mn":"ADBE Vector Graphic - Stroke","hd":false},{"ty":"fl","c":{"a":0,"k":[0.196078446332,0.188235309077,0.333333333333,1],"ix":4},"o":{"a":0,"k":100,"ix":5},"r":1,"bm":0,"nm":"Fill 1","mn":"ADBE Vector Graphic - Fill","hd":false},{"ty":"tr","p":{"a":0,"k":[398,-125],"ix":2},"a":{"a":0,"k":[0,0],"ix":1},"s":{"a":0,"k":[100,100],"ix":3},"r":{"a":0,"k":0,"ix":6},"o":{"a":0,"k":100,"ix":7},"sk":{"a":0,"k":0,"ix":4},"sa":{"a":0,"k":0,"ix":5},"nm":"Transform"}],"nm":"Rectangle 1","np":3,"cix":2,"bm":0,"ix":1,"mn":"ADBE Vector Group","hd":false}],"ip":0,"op":161,"st":-40,"bm":0}],"markers":[]}